{"acc": 0.0, "loss": 5.703853130340576, "_timestamp": 1706926355.731669, "_runtime": 7.9089109897613525, "_step": 0, "_wandb": {"runtime": 105}}