{"acc": 0.9950855077574048, "loss": 1.4660271406173706, "_timestamp": 1706926764.8714237, "_runtime": 227.01879262924194, "_step": 6, "_wandb": {"runtime": 258}}