{"acc": 0.0, "loss": 5.703853130340576, "_timestamp": 1706926355.7183912, "_runtime": 7.896521091461182, "_step": 0, "_wandb": {"runtime": 105}}