{"acc": 0.0, "loss": 5.704019069671631, "_timestamp": 1706926475.3370154, "_runtime": 7.977753400802612, "_step": 0}