{"acc": 0.5336741889985895, "loss": 2.0107645988464355, "_timestamp": 1706942659.1626964, "_runtime": 383.1847972869873, "_step": 6}