{"acc": 0.0, "loss": 5.704019069671631, "_timestamp": 1706926475.3892078, "_runtime": 8.042232751846313, "_step": 0}