{"acc": 0.0, "loss": 5.703853130340576, "_timestamp": 1706926355.6069386, "_runtime": 7.795705556869507, "_step": 0, "_wandb": {"runtime": 105}}