{"acc": 0.9920662905500706, "loss": 1.4690290689468384, "_timestamp": 1706941793.1474233, "_runtime": 574.7630543708801, "_step": 9, "_wandb": {"runtime": 638}}