{"acc": 0.0, "loss": 5.703853130340576, "_timestamp": 1706926355.733638, "_runtime": 7.905066013336182, "_step": 0, "_wandb": {"runtime": 105}}