{"acc": 0.09698959802538787, "loss": 2.364161491394043, "_timestamp": 1706920729.931571, "_runtime": 6.9490509033203125, "_step": 0, "_wandb": {"runtime": 14}}