{"acc": 0.09416872355430184, "loss": 2.3669822216033936, "_timestamp": 1706926111.7028155, "_runtime": 5355.08288860321, "_step": 6, "_wandb": {"runtime": 5384}}