{"acc": 0.0, "loss": 5.704019069671631, "_timestamp": 1706926475.4152129, "_runtime": 8.053923845291138, "_step": 0, "_wandb": {"runtime": 59}}