{"acc": 0.09416872355430184, "loss": 2.3669822216033936, "_timestamp": 1706926098.8119133, "_runtime": 5342.195445299149, "_step": 6}