{"acc": 0.09416872355430184, "loss": 2.3669822216033936, "_timestamp": 1706926098.6686223, "_runtime": 5342.0621173381805, "_step": 6}