{"acc": 0.0, "loss": 5.704019069671631, "_timestamp": 1706926475.4083753, "_runtime": 8.049305200576782, "_step": 0}