{"acc": 0.09416872355430184, "loss": 2.3669822216033936, "_timestamp": 1706926107.195523, "_runtime": 5350.588275909424, "_step": 6}